msoa_code;msoa_name;house_prices;average_income;population_density
E02000001;City of London 001;595000;59728;26,2
E02000002;Barking and Dagenham 001;190000;31788;31,7
E02000003;Barking and Dagenham 002;237000;43357;47,7
E02000004;Barking and Dagenham 003;210000;46701;25,3
E02000005;Barking and Dagenham 004;180000;34294;72,9
E02000007;Barking and Dagenham 006;168500;29976;52,3
E02000008;Barking and Dagenham 007;175750;31413;81,9
E02000009;Barking and Dagenham 008;176995;32139;92,3
E02000010;Barking and Dagenham 009;174000;31811;79,0
E02000011;Barking and Dagenham 010;203250;39012;39,6
E02000012;Barking and Dagenham 011;265000;50190;77,3
E02000013;Barking and Dagenham 012;176500;31976;64,9
E02000014;Barking and Dagenham 013;172500;31469;79,6
E02000015;Barking and Dagenham 014;140000;28786;56,3
E02000016;Barking and Dagenham 015;145000;31501;92,8
E02000017;Barking and Dagenham 016;208000;40525;99,6
E02000018;Barking and Dagenham 017;175000;31246;66,5
E02000019;Barking and Dagenham 018;172000;34810;28,0
E02000020;Barking and Dagenham 019;195000;32714;28,3
E02000021;Barking and Dagenham 020;170000;33542;28,5
E02000022;Barking and Dagenham 021;135000;25819;119,6
E02000023;Barking and Dagenham 022;190000;28381;37,4
E02006799;Barking and Dagenham 023;180000;32466;88,0
E02000024;Barnet 001;379000;57048;27,8
E02000025;Barnet 002;327500;41882;33,6
E02000026;Barnet 003;397473;50617;44,0
E02000027;Barnet 004;332500;35266;58,2
E02000028;Barnet 005;355000;50631;59,5
E02000029;Barnet 006;275000;40212;51,3
E02000030;Barnet 007;647975;60082;6,3
E02000031;Barnet 008;381250;55167;38,4
E02000032;Barnet 009;458000;53473;56,5
E02000033;Barnet 010;340000;37979;48,8
E02000034;Barnet 011;283500;41756;55,7
E02000035;Barnet 012;390000;45995;62,8
E02000036;Barnet 013;325000;40153;60,6
E02000037;Barnet 014;427500;47245;23,2
E02000038;Barnet 015;415000;43264;61,6
E02000039;Barnet 016;430000;58612;31,6
E02000040;Barnet 017;470000;40961;14,0
E02000041;Barnet 018;362500;39331;67,8
E02000042;Barnet 019;323000;41016;90,1
E02000043;Barnet 020;617500;66208;53,3
E02000044;Barnet 021;250000;33715;73,9
E02000045;Barnet 022;295500;37174;60,3
E02000046;Barnet 023;365500;48274;74,8
E02000047;Barnet 024;241750;29015;80,9
E02000048;Barnet 025;398475;52947;32,3
E02000049;Barnet 026;218000;24842;110,3
E02000050;Barnet 027;300000;38819;48,5
E02000051;Barnet 028;546250;54826;60,9
E02000052;Barnet 029;388025;47800;103,0
E02000053;Barnet 030;253500;33197;60,3
E02000054;Barnet 031;339000;41449;49,0
E02000055;Barnet 032;340000;40399;79,2
E02000056;Barnet 033;992500;82086;28,6
E02000057;Barnet 034;485000;47910;69,2
E02000058;Barnet 035;622500;63229;57,8
E02000059;Barnet 036;249950;31014;48,4
E02000060;Barnet 037;600000;51681;90,9
E02000061;Barnet 038;895500;62825;51,8
E02000062;Barnet 039;305000;30444;35,3
E02000063;Barnet 040;335000;36256;69,0
E02000064;Barnet 041;404975;36552;81,0
E02000065;Bexley 001;162000;33469;24,8
E02000066;Bexley 002;136750;27895;61,5
E02000067;Bexley 003;146950;32432;38,8
E02000068;Bexley 004;161500;32275;33,0
E02000069;Bexley 005;195000;36125;42,9
E02000070;Bexley 006;243250;41498;42,5
E02000071;Bexley 007;218750;36942;62,8
E02000072;Bexley 008;162250;28171;27,3
E02000073;Bexley 009;250000;47654;66,9
E02000074;Bexley 010;161500;30794;68,8
E02000075;Bexley 011;260000;48026;51,6
E02000077;Bexley 013;233000;39277;70,6
E02000078;Bexley 014;225000;45398;52,1
E02000079;Bexley 015;232000;46634;47,5
E02000080;Bexley 016;240000;40735;55,3
E02000081;Bexley 017;240000;39810;34,1
E02000082;Bexley 018;246000;44882;60,0
E02000083;Bexley 019;190000;36051;26,8
E02000084;Bexley 020;271500;51286;40,8
E02000085;Bexley 021;223000;41593;49,2
E02000086;Bexley 022;250000;51001;49,9
E02000087;Bexley 023;285000;59764;20,4
E02000088;Bexley 024;277000;49885;38,8
E02000089;Bexley 025;300000;52582;57,4
E02000090;Bexley 026;195000;46213;49,1
E02000091;Bexley 027;250000;46622;36,0
E02000092;Bexley 028;197000;33727;11,0
E02006785;Bexley 029;230000;36787;47,4
E02000093;Brent 001;340000;41647;79,0
E02000094;Brent 002;345000;38184;75,6
E02000095;Brent 003;380000;41507;63,7
E02000096;Brent 004;472500;63575;45,1
E02000097;Brent 005;300000;37558;48,1
E02000098;Brent 006;425000;46021;43,3
E02000099;Brent 007;268000;43408;67,2
E02000100;Brent 008;408000;60361;40,3
E02000101;Brent 009;251500;34454;67,6
E02000102;Brent 010;250000;29459;57,3
E02000103;Brent 011;305000;33334;49,5
E02000104;Brent 012;312500;40816;61,2
E02000105;Brent 013;250000;37661;68,9
E02000106;Brent 014;250000;30371;77,6
E02000107;Brent 015;348750;38314;115,6
E02000108;Brent 016;265000;35668;80,9
E02000109;Brent 017;253500;35108;51,9
E02000110;Brent 018;550000;45444;104,2
E02000111;Brent 019;240000;33767;89,3
E02000112;Brent 020;282500;32604;75,0
E02000113;Brent 021;218500;25015;66,2
E02000114;Brent 022;360000;35578;150,2
E02000115;Brent 023;440000;47505;98,9
E02000116;Brent 024;280000;28724;78,0
E02000117;Brent 025;250000;26207;136,7
E02000118;Brent 026;225998;30986;78,7
E02000119;Brent 027;249999;26824;29,5
E02000120;Brent 028;421500;45668;184,8
E02000121;Brent 029;227500;32818;67,1
E02000122;Brent 030;716000;58838;66,6
E02000123;Brent 031;305000;28685;144,2
E02000124;Brent 032;500000;52930;93,1
E02000125;Brent 033;474450;46389;141,4
E02000126;Brent 034;350000;27488;168,8
E02000127;Bromley 001;206000;33664;38,9
E02000128;Bromley 002;315000;48167;28,7
E02000130;Bromley 004;316992;44359;54,3
E02000131;Bromley 005;240000;38718;52,2
E02000132;Bromley 006;250000;46812;51,3
E02000133;Bromley 007;405000;78281;16,3
E02000134;Bromley 008;247500;46642;56,6
E02000135;Bromley 009;178000;29324;86,1
E02000136;Bromley 010;400000;45204;12,5
E02000137;Bromley 011;285000;58657;43,2
E02000138;Bromley 012;302000;63702;38,9
E02000139;Bromley 013;305000;50225;48,4
E02000140;Bromley 014;205000;30474;42,9
E02000141;Bromley 015;250000;42638;75,6
E02000142;Bromley 016;306000;59037;47,0
E02000144;Bromley 018;284498;58035;44,8
E02000145;Bromley 019;175000;31433;7,4
E02000146;Bromley 020;275000;48968;47,8
E02000147;Bromley 021;480000;72022;35,7
E02000148;Bromley 022;410000;64983;23,6
E02000149;Bromley 023;225000;38154;41,5
E02000150;Bromley 024;369000;56276;27,7
E02000151;Bromley 025;439950;68374;36,1
E02000152;Bromley 026;290000;38333;26,6
E02000153;Bromley 027;375000;61793;34,6
E02000154;Bromley 028;277000;53021;38,7
E02000155;Bromley 029;247250;42054;38,2
E02000156;Bromley 030;397500;60365;31,6
E02000157;Bromley 031;340000;62278;32,8
E02000158;Bromley 032;295000;43334;34,5
E02000159;Bromley 033;450000;65043;11,8
E02000160;Bromley 034;364000;57967;9,4
E02000161;Bromley 035;294975;58393;49,3
E02000162;Bromley 036;317500;45905;5,3
E02000163;Bromley 037;365000;58849;6,8
E02000165;Bromley 039;250000;46440;12,6
E02006782;Bromley 040;285000;41882;29,6
E02006787;Bromley 041;388000;52769;51,2
E02006789;Bromley 042;330000;50285;2,9
E02000166;Camden 001;597500;56416;26,6
E02000167;Camden 002;1087750;94987;37,0
E02000168;Camden 003;500000;57140;123,2
E02000169;Camden 004;1062500;96417;66,3
E02000170;Camden 005;710000;65878;108,6
E02000171;Camden 006;635000;61274;156,7
E02000172;Camden 007;528765;33423;158,2
E02000173;Camden 008;885000;79403;100,7
E02000174;Camden 009;480000;42286;160,4
E02000175;Camden 010;545750;57233;127,1
E02000176;Camden 011;840000;82128;166,5
E02000177;Camden 012;433000;37963;176,8
E02000178;Camden 013;436975;39778;165,0
E02000179;Camden 014;715000;55178;170,9
E02000180;Camden 015;445000;42877;161,7
E02000181;Camden 016;627500;71414;144,4
E02000182;Camden 017;625000;62298;88,7
E02000183;Camden 018;740270;64374;102,5
E02000184;Camden 019;410000;34491;131,8
E02000185;Camden 020;403500;34955;181,5
E02000186;Camden 021;674725;46772;67,7
E02000187;Camden 022;407500;28942;88,2
E02000188;Camden 023;361000;30767;167,0
E02000189;Camden 024;415000;33914;203,5
E02000190;Camden 025;302813;36800;209,8
E02000191;Camden 026;600000;45271;128,3
E02000192;Camden 027;592500;40721;170,6
E02000193;Camden 028;475000;46474;72,9
E02000194;Croydon 001;250000;39677;64,0
E02000195;Croydon 002;302500;46098;48,1
E02000196;Croydon 003;310000;36456;61,3
E02000197;Croydon 004;297000;35716;93,5
E02000198;Croydon 005;212500;32035;91,6
E02000199;Croydon 006;230000;35611;98,7
E02000200;Croydon 007;190000;34446;67,4
E02000201;Croydon 008;200000;30070;99,7
E02000202;Croydon 009;235250;34373;116,3
E02000203;Croydon 010;187750;31799;98,0
E02000204;Croydon 011;240000;34222;86,7
E02000206;Croydon 013;187500;30425;66,9
E02000207;Croydon 014;224000;32714;74,5
E02000208;Croydon 015;182000;28798;115,2
E02000209;Croydon 016;205000;32112;83,8
E02000210;Croydon 017;228000;38842;108,1
E02000211;Croydon 018;280000;50494;48,5
E02000212;Croydon 019;200000;29601;69,2
E02000213;Croydon 020;181250;28886;93,3
E02000214;Croydon 021;303125;50959;61,5
E02000215;Croydon 022;215000;37245;105,7
E02000216;Croydon 023;229000;60589;29,8
E02000217;Croydon 024;205000;34138;71,2
E02000218;Croydon 025;327500;37565;59,9
E02000219;Croydon 026;335000;59192;13,5
E02000220;Croydon 027;190000;37356;67,5
E02000221;Croydon 028;236000;34236;36,0
E02000222;Croydon 029;233000;50584;43,5
E02000223;Croydon 030;168250;24037;87,8
E02000224;Croydon 031;227500;45448;60,7
E02000225;Croydon 032;205000;28558;47,3
E02000226;Croydon 033;355000;59831;23,3
E02000227;Croydon 034;215000;41005;25,2
E02000228;Croydon 035;408759;70430;24,5
E02000229;Croydon 036;196000;25519;49,5
E02000230;Croydon 037;310000;57967;38,9
E02000231;Croydon 038;497500;72879;23,0
E02000232;Croydon 039;317500;50861;14,3
E02000233;Croydon 040;268500;51610;39,3
E02000234;Croydon 041;304000;51188;26,4
E02000235;Croydon 042;316000;59565;13,3
E02000236;Croydon 043;333462;56055;21,7
E02000237;Croydon 044;320975;50443;15,3
E02006788;Croydon 045;230000;33382;54,9
E02000238;Ealing 001;275000;37495;64,0
E02000239;Ealing 002;320000;43315;38,5
E02000240;Ealing 003;240000;32526;60,3
E02000241;Ealing 004;270000;39087;52,0
E02000242;Ealing 005;310000;38043;78,0
E02000243;Ealing 006;270000;37441;30,2
E02000244;Ealing 007;296000;41253;40,8
E02000245;Ealing 008;207225;28518;50,1
E02000246;Ealing 009;240000;31355;42,7
E02000247;Ealing 010;205000;33400;74,2
E02000248;Ealing 011;322750;49092;42,9
E02000249;Ealing 012;272500;35930;61,2
E02000250;Ealing 013;574500;79219;64,9
E02000251;Ealing 014;270000;36599;83,7
E02000252;Ealing 015;247000;34105;30,8
E02000253;Ealing 016;303000;33463;83,7
E02000254;Ealing 017;257000;33335;85,8
E02000255;Ealing 018;452500;51933;61,1
E02000256;Ealing 019;376500;64951;81,6
E02000257;Ealing 020;457871;66306;61,9
E02000258;Ealing 021;425000;45223;66,3
E02000259;Ealing 022;389950;53957;49,5
E02000260;Ealing 023;180000;31728;81,2
E02000261;Ealing 024;375000;37855;83,9
E02000262;Ealing 025;343000;39408;128,3
E02000263;Ealing 026;250000;28605;95,9
E02000264;Ealing 027;480000;58936;56,3
E02000265;Ealing 028;340000;42837;107,8
E02000266;Ealing 029;240000;28452;31,7
E02000267;Ealing 030;342500;48042;93,3
E02000268;Ealing 031;495000;60724;69,6
E02000269;Ealing 032;440000;70181;91,2
E02000270;Ealing 033;350000;31174;100,5
E02000271;Ealing 034;825000;79903;89,2
E02000272;Ealing 035;575000;65151;55,5
E02000274;Ealing 037;200000;27246;90,1
E02000275;Ealing 038;260000;32071;62,2
E02000276;Ealing 039;550000;63450;79,7
E02006791;Ealing 040;477500;62218;96,2
E02000277;Enfield 001;225000;32400;68,6
E02000278;Enfield 002;231000;27395;69,0
E02000279;Enfield 003;173000;30690;44,8
E02000280;Enfield 004;305000;44271;5,4
E02000281;Enfield 005;244250;33855;46,3
E02000282;Enfield 006;185000;25056;72,4
E02000283;Enfield 007;245000;30860;74,0
E02000284;Enfield 008;285500;49547;64,5
E02000285;Enfield 009;320000;54412;66,7
E02000286;Enfield 010;249997;57403;39,9
E02000287;Enfield 011;435000;66820;7,6
E02000288;Enfield 012;210000;29015;50,5
E02000289;Enfield 013;430000;60928;19,4
E02000290;Enfield 014;195000;25100;15,1
E02000291;Enfield 015;233000;37881;79,7
E02000292;Enfield 016;259750;39782;51,4
E02000293;Enfield 017;470000;67083;29,4
E02000294;Enfield 018;240000;30113;59,5
E02000295;Enfield 019;273500;52917;52,7
E02000296;Enfield 020;275000;42971;54,2
E02000297;Enfield 021;370000;56124;56,9
E02000298;Enfield 022;507500;69080;40,3
E02000299;Enfield 023;215000;28132;107,7
E02000300;Enfield 024;230000;30446;106,9
E02000301;Enfield 025;189000;25665;56,6
E02000302;Enfield 026;350000;42790;52,8
E02000303;Enfield 027;240000;26515;69,3
E02000304;Enfield 028;584500;69078;46,9
E02000305;Enfield 029;315995;52764;91,5
E02000306;Enfield 030;175000;22982;45,3
E02000307;Enfield 031;260000;32782;90,7
E02000308;Enfield 032;332000;39839;68,4
E02000309;Enfield 033;213000;26897;66,3
E02000311;Enfield 035;268000;33886;71,8
E02000312;Enfield 036;280000;43662;83,6
E02006793;Enfield 037;212500;24770;93,0
E02000313;Greenwich 001;159000;31525;92,5
E02000314;Greenwich 002;158000;38367;43,4
E02000315;Greenwich 003;175000;30773;77,0
E02000316;Greenwich 004;294500;37777;59,1
E02000317;Greenwich 005;192500;30018;130,9
E02000318;Greenwich 006;201000;32694;92,3
E02000319;Greenwich 007;188000;35079;121,3
E02000320;Greenwich 008;209995;36267;46,6
E02000321;Greenwich 009;193000;30097;117,8
E02000323;Greenwich 011;176500;30203;143,8
E02000324;Greenwich 012;250000;34887;57,0
E02000326;Greenwich 014;385000;51830;99,4
E02000327;Greenwich 015;190250;32900;38,1
E02000328;Greenwich 016;340000;65812;76,7
E02000329;Greenwich 017;212500;39287;35,5
E02000331;Greenwich 019;235000;38317;80,8
E02000332;Greenwich 020;250000;53138;36,4
E02000333;Greenwich 021;360000;77022;49,8
E02000334;Greenwich 022;250000;42680;47,1
E02000335;Greenwich 023;270000;55413;51,0
E02000337;Greenwich 025;232500;36672;57,2
E02000339;Greenwich 027;382225;62177;48,3
E02000340;Greenwich 028;248750;53712;18,7
E02000341;Greenwich 029;200000;33094;42,8
E02000342;Greenwich 030;249995;38211;47,5
E02000343;Greenwich 031;247500;40429;53,3
E02000344;Greenwich 032;275000;55424;48,8
E02006786;Greenwich 033;203500;35209;57,5
E02006927;Greenwich 034;330000;49540;32,5
E02006928;Greenwich 035;355000;44143;144,4
E02006929;Greenwich 036;345000;45495;31,3
E02006930;Greenwich 037;455000;59977;77,7
E02006931;Greenwich 038;440944;61690;47,3
E02000345;Hackney 001;313000;43760;148,8
E02000346;Hackney 002;297500;26204;104,1
E02000347;Hackney 003;310000;42656;118,0
E02000348;Hackney 004;254000;34139;147,0
E02000350;Hackney 006;347000;49481;171,8
E02000351;Hackney 007;349950;52994;164,9
E02000352;Hackney 008;355000;48329;90,9
E02000353;Hackney 009;625000;60407;140,8
E02000354;Hackney 010;325000;33551;126,2
E02000355;Hackney 011;472500;43215;133,3
E02000356;Hackney 012;475000;61228;183,2
E02000357;Hackney 013;207000;26869;42,3
E02000358;Hackney 014;347000;40075;181,1
E02000359;Hackney 015;545000;38829;153,2
E02000360;Hackney 016;340000;32233;211,3
E02000361;Hackney 017;355000;36373;132,5
E02000362;Hackney 018;270000;33136;49,5
E02000363;Hackney 019;242000;28049;184,5
E02000364;Hackney 020;430000;49573;137,6
E02000365;Hackney 021;413500;48675;138,8
E02000366;Hackney 022;460000;38344;134,8
E02000367;Hackney 023;374655;45683;136,9
E02000368;Hackney 024;322500;31136;151,7
E02000369;Hackney 025;407500;34623;183,3
E02000370;Hackney 026;415000;34297;173,9
E02000371;Hackney 027;432500;42306;130,1
E02006918;Hackney 028;250000;32135;155,0
E02006921;Hackney 029;262500;31933;173,8
E02000372;Hammersmith and Fulham 001;349500;34032;26,1
E02000373;Hammersmith and Fulham 002;232000;23584;160,8
E02000374;Hammersmith and Fulham 003;525000;43106;133,0
E02000375;Hammersmith and Fulham 004;430000;39383;92,0
E02000376;Hammersmith and Fulham 005;398000;43064;167,3
E02000377;Hammersmith and Fulham 006;387975;43239;183,2
E02000378;Hammersmith and Fulham 007;450000;47057;220,1
E02000379;Hammersmith and Fulham 008;491000;52449;111,7
E02000380;Hammersmith and Fulham 009;734975;64214;164,4
E02000381;Hammersmith and Fulham 010;600000;63538;139,4
E02000382;Hammersmith and Fulham 011;499950;51993;98,2
E02000383;Hammersmith and Fulham 012;432500;50075;153,3
E02000384;Hammersmith and Fulham 013;495000;40425;92,5
E02000385;Hammersmith and Fulham 014;465000;61727;151,0
E02000386;Hammersmith and Fulham 015;435000;37955;183,7
E02000387;Hammersmith and Fulham 016;450000;42078;150,2
E02000388;Hammersmith and Fulham 017;553250;54490;151,2
E02000389;Hammersmith and Fulham 018;671000;67701;130,9
E02000390;Hammersmith and Fulham 019;700000;53654;180,7
E02000391;Hammersmith and Fulham 020;937800;73123;114,2
E02000392;Hammersmith and Fulham 021;867000;63343;169,1
E02000393;Hammersmith and Fulham 022;650000;77301;166,8
E02000394;Hammersmith and Fulham 023;740000;54775;117,7
E02000395;Hammersmith and Fulham 024;780000;83818;60,6
E02000396;Hammersmith and Fulham 025;1050000;64081;104,3
E02000397;Haringey 001;288000;33257;143,1
E02000398;Haringey 002;151500;22367;61,3
E02000400;Haringey 004;272500;39937;58,3
E02000401;Haringey 005;250000;25912;91,3
E02000402;Haringey 006;202500;24692;70,9
E02000403;Haringey 007;257500;33670;87,9
E02000404;Haringey 008;262475;28530;117,2
E02000405;Haringey 009;704000;71537;36,7
E02000406;Haringey 010;275000;29462;156,5
E02000407;Haringey 011;242000;25676;144,8
E02000408;Haringey 012;249975;23680;152,8
E02000409;Haringey 013;279950;25597;92,4
E02000410;Haringey 014;387500;67618;89,0
E02000411;Haringey 015;226000;26770;57,9
E02000412;Haringey 016;305000;29258;92,0
E02000413;Haringey 017;499000;67492;61,1
E02000414;Haringey 018;267500;30646;178,5
E02000415;Haringey 019;310000;32398;99,2
E02000416;Haringey 020;298028;36723;120,8
E02000417;Haringey 021;540000;69559;61,9
E02000418;Haringey 022;825000;70662;77,9
E02000419;Haringey 023;380000;35107;130,1
E02000420;Haringey 024;272000;27619;129,2
E02000421;Haringey 025;211750;25977;92,0
E02000422;Haringey 026;290000;29016;146,7
E02000423;Haringey 027;330000;33894;124,6
E02000424;Haringey 028;428000;54881;108,9
E02000425;Haringey 029;343000;34758;134,5
E02000426;Haringey 030;597500;70791;30,0
E02000427;Haringey 031;345000;39196;64,9
E02000428;Haringey 032;272000;27231;121,7
E02000429;Haringey 033;485000;73137;70,5
E02000430;Haringey 034;445250;62370;113,6
E02000431;Haringey 035;535000;71466;109,5
E02000432;Haringey 036;371500;50365;120,9
E02006794;Haringey 037;225000;22882;107,1
E02000433;Harrow 001;415000;52851;12,3
E02000434;Harrow 002;357500;46514;45,0
E02000435;Harrow 003;380000;40032;41,9
E02000436;Harrow 004;465000;66736;12,2
E02000437;Harrow 005;302750;38886;62,2
E02000438;Harrow 006;271000;38532;45,6
E02000439;Harrow 007;330000;33853;78,5
E02000440;Harrow 008;380000;49984;64,2
E02000441;Harrow 009;299950;45094;29,4
E02000442;Harrow 010;307000;34196;77,5
E02000443;Harrow 011;250000;31192;97,5
E02000444;Harrow 012;358000;38538;79,1
E02000445;Harrow 013;249000;32441;83,3
E02000447;Harrow 015;369250;46298;33,0
E02000448;Harrow 016;427500;64973;39,4
E02000449;Harrow 017;320000;31664;91,5
E02000451;Harrow 019;420400;57632;41,3
E02000452;Harrow 020;230500;38155;73,6
E02000453;Harrow 021;248250;40718;74,7
E02000454;Harrow 022;470000;64744;45,2
E02000455;Harrow 023;250000;40966;66,1
E02000456;Harrow 024;341250;41675;76,3
E02000457;Harrow 025;423000;49085;54,6
E02000459;Harrow 027;227000;34071;71,0
E02000460;Harrow 028;248000;32466;77,1
E02000461;Harrow 029;320000;55234;26,9
E02000462;Harrow 030;305000;35547;67,6
E02000463;Harrow 031;273000;33594;91,6
E02006795;Harrow 032;309950;39658;84,4
E02006882;Harrow 033;366000;39681;67,1
E02000464;Havering 001;185500;30040;11,2
E02000465;Havering 002;188500;29703;28,8
E02000466;Havering 003;220000;33845;13,3
E02000467;Havering 004;166000;25548;72,3
E02000468;Havering 005;221250;35518;19,5
E02000469;Havering 006;190000;30229;38,4
E02000470;Havering 007;245000;43401;11,7
E02000471;Havering 008;285000;48746;34,8
E02000472;Havering 009;232000;39248;58,7
E02000473;Havering 010;250000;47201;33,8
E02000474;Havering 011;225000;35156;38,5
E02000475;Havering 012;295000;53509;32,9
E02000476;Havering 013;171500;35287;55,6
E02000477;Havering 014;282000;51635;53,8
E02000478;Havering 015;600000;67682;23,7
E02000479;Havering 016;219500;37629;60,7
E02000480;Havering 017;185000;36107;30,2
E02000481;Havering 018;275000;45570;6,4
E02000482;Havering 019;367500;65107;22,6
E02000483;Havering 020;230000;38917;47,6
E02000484;Havering 021;245000;44570;44,6
E02000485;Havering 022;259998;46045;38,7
E02000486;Havering 023;240000;41688;57,7
E02000487;Havering 024;435000;66267;6,1
E02000488;Havering 025;260000;46363;40,5
E02000489;Havering 026;220000;35566;30,6
E02000490;Havering 027;216000;34525;38,3
E02000491;Havering 028;195000;31326;18,5
E02000492;Havering 029;230000;38060;4,5
E02000493;Havering 030;175000;32367;48,7
E02000494;Hillingdon 001;464667;70794;12,0
E02000495;Hillingdon 002;330500;51311;35,5
E02000496;Hillingdon 003;264000;39972;4,9
E02000497;Hillingdon 004;363750;52081;32,6
E02000498;Hillingdon 005;313750;50722;19,4
E02000499;Hillingdon 006;392500;60752;48,5
E02000500;Hillingdon 007;499500;63912;27,0
E02000501;Hillingdon 008;319000;53072;57,6
E02000502;Hillingdon 009;300000;50711;18,9
E02000503;Hillingdon 010;318000;52004;66,0
E02000504;Hillingdon 011;403950;64490;24,1
E02000506;Hillingdon 013;475000;64452;13,9
E02000507;Hillingdon 014;275000;41272;29,8
E02000508;Hillingdon 015;249950;41662;35,8
E02000509;Hillingdon 016;237500;34637;51,9
E02000510;Hillingdon 017;285000;41291;41,3
E02000511;Hillingdon 018;262500;36289;40,4
E02000512;Hillingdon 019;238000;32622;58,0
E02000513;Hillingdon 020;199000;29670;61,1
E02000514;Hillingdon 021;240000;32047;84,3
E02000515;Hillingdon 022;199975;33009;34,3
E02000516;Hillingdon 023;243000;34355;51,7
E02000517;Hillingdon 024;227750;30310;58,4
E02000518;Hillingdon 025;245000;32068;34,7
E02000519;Hillingdon 026;247000;29940;49,6
E02000520;Hillingdon 027;235000;30685;27,1
E02000521;Hillingdon 028;236000;31286;42,7
E02000522;Hillingdon 029;245000;34328;56,7
E02000523;Hillingdon 030;250000;31491;61,4
E02000524;Hillingdon 031;220000;34270;3,4
E02000525;Hillingdon 032;215250;31163;22,6
E02006796;Hillingdon 033;291000;41780;20,5
E02000526;Hounslow 001;800000;78688;90,6
E02000528;Hounslow 003;279063;35760;46,5
E02000529;Hounslow 004;270000;33673;72,0
E02000530;Hounslow 005;229500;26337;25,4
E02000531;Hounslow 006;346000;45202;40,2
E02000532;Hounslow 007;750000;69595;40,1
E02000533;Hounslow 008;571000;67700;78,5
E02000534;Hounslow 009;345000;55864;16,8
E02000535;Hounslow 010;298000;36568;60,2
E02000536;Hounslow 011;307500;38193;58,6
E02000537;Hounslow 012;367500;49578;46,9
E02000538;Hounslow 013;240000;32894;38,3
E02000539;Hounslow 014;299950;41733;66,5
E02000540;Hounslow 015;297500;40362;76,8
E02000541;Hounslow 016;280000;31407;84,3
E02000542;Hounslow 017;230000;33918;96,3
E02000543;Hounslow 018;229950;38205;107,5
E02000544;Hounslow 019;330000;45131;60,5
E02000545;Hounslow 020;340000;36844;63,7
E02000546;Hounslow 021;243475;34995;40,4
E02000547;Hounslow 022;229000;35070;29,7
E02000548;Hounslow 023;220000;32688;26,4
E02000549;Hounslow 024;240000;35572;45,4
E02000550;Hounslow 025;217000;34133;112,5
E02000551;Hounslow 026;200000;29952;41,4
E02000552;Hounslow 027;217000;38106;28,1
E02000553;Hounslow 028;235000;37267;26,3
E02006792;Hounslow 029;490000;62911;58,7
E02000554;Islington 001;320000;41681;146,9
E02000555;Islington 002;375000;48280;158,3
E02000556;Islington 003;360000;47178;154,7
E02000557;Islington 004;394240;45958;116,6
E02000558;Islington 005;304973;33986;187,2
E02000559;Islington 006;500000;69975;157,6
E02000560;Islington 007;375000;47715;144,2
E02000561;Islington 008;549950;71348;128,0
E02000562;Islington 009;540000;54528;124,2
E02000563;Islington 010;305000;40315;148,0
E02000564;Islington 011;407000;49735;133,4
E02000565;Islington 012;373750;44464;161,5
E02000566;Islington 013;550171;75211;119,2
E02000567;Islington 014;437000;54722;159,6
E02000568;Islington 015;383975;37306;111,9
E02000569;Islington 016;482000;52047;145,5
E02000570;Islington 017;657500;80430;149,1
E02000571;Islington 018;475500;46737;163,6
E02000572;Islington 019;346250;36418;188,6
E02000573;Islington 020;665000;76946;124,6
E02000574;Islington 021;610000;54255;144,7
E02000575;Islington 022;625500;54945;132,9
E02000576;Islington 023;585000;43765;129,9
E02000577;Kensington and Chelsea 001;458500;28503;82,9
E02000578;Kensington and Chelsea 002;474000;32857;112,2
E02000579;Kensington and Chelsea 003;625000;48968;138,0
E02000580;Kensington and Chelsea 004;655000;45992;211,7
E02000581;Kensington and Chelsea 005;415000;33776;172,0
E02000582;Kensington and Chelsea 006;980000;75359;148,6
E02000583;Kensington and Chelsea 007;907500;79418;123,7
E02000584;Kensington and Chelsea 008;1500000;99645;87,7
E02000585;Kensington and Chelsea 009;850000;67202;91,1
E02000586;Kensington and Chelsea 010;1500000;104502;142,5
E02000587;Kensington and Chelsea 011;1625000;94419;138,7
E02000588;Kensington and Chelsea 012;2250000;108401;108,7
E02000589;Kensington and Chelsea 013;1100000;67721;219,7
E02000590;Kensington and Chelsea 014;957500;55289;152,2
E02000591;Kensington and Chelsea 015;708000;50199;179,8
E02000592;Kensington and Chelsea 016;1400000;97648;116,9
E02000593;Kensington and Chelsea 017;776000;62231;143,7
E02000594;Kensington and Chelsea 018;1256250;91954;95,9
E02000595;Kensington and Chelsea 019;973500;85825;116,1
E02000596;Kensington and Chelsea 020;1012500;84580;140,9
E02000597;Kensington and Chelsea 021;647500;46547;179,0
E02000598;Kingston upon Thames 001;544975;66626;59,7
E02000599;Kingston upon Thames 002;960000;78092;17,7
E02000600;Kingston upon Thames 003;314500;49259;78,5
E02000601;Kingston upon Thames 004;424000;58631;100,7
E02000602;Kingston upon Thames 005;327500;38714;91,5
E02000603;Kingston upon Thames 006;300000;39414;60,5
E02000604;Kingston upon Thames 007;362500;49673;56,8
E02000605;Kingston upon Thames 008;366500;50378;56,0
E02000606;Kingston upon Thames 009;329950;49503;70,0
E02000607;Kingston upon Thames 010;407425;56160;48,3
E02000608;Kingston upon Thames 011;310000;50655;86,5
E02000609;Kingston upon Thames 012;388500;47153;51,0
E02000610;Kingston upon Thames 013;290000;46204;70,5
E02000611;Kingston upon Thames 014;455000;60608;41,1
E02000612;Kingston upon Thames 015;392000;56148;43,2
E02000613;Kingston upon Thames 016;349950;51836;66,1
E02000614;Kingston upon Thames 017;306250;40877;29,0
E02000615;Kingston upon Thames 018;275000;43522;46,7
E02000616;Kingston upon Thames 019;255000;44409;46,5
E02000617;Kingston upon Thames 020;250000;41564;12,4
E02000619;Lambeth 002;475000;37023;151,9
E02000620;Lambeth 003;415000;43377;134,3
E02000621;Lambeth 004;467000;44918;146,2
E02000622;Lambeth 005;347500;41580;107,4
E02000623;Lambeth 006;293000;34088;177,3
E02000624;Lambeth 007;344000;36772;144,2
E02000625;Lambeth 008;285000;32425;152,9
E02000626;Lambeth 009;292500;29998;152,3
E02000627;Lambeth 010;360000;40275;182,2
E02000628;Lambeth 011;272500;30469;148,9
E02000629;Lambeth 012;430125;56334;145,0
E02000630;Lambeth 013;460000;61879;108,4
E02000631;Lambeth 014;400000;51876;85,9
E02000632;Lambeth 015;435000;58630;180,7
E02000633;Lambeth 016;356000;37611;141,3
E02000634;Lambeth 017;400000;42227;132,7
E02000635;Lambeth 018;341500;45331;75,2
E02000636;Lambeth 019;660000;80544;86,1
E02000637;Lambeth 020;370000;50530;152,9
E02000638;Lambeth 021;305000;38227;148,0
E02000639;Lambeth 022;250000;32191;134,7
E02000640;Lambeth 023;487500;61195;114,5
E02000641;Lambeth 024;275000;31570;146,4
E02000642;Lambeth 025;333000;47995;88,6
E02000643;Lambeth 026;354000;46018;123,3
E02000644;Lambeth 027;293250;47373;97,2
E02000645;Lambeth 028;301000;48708;82,3
E02000646;Lambeth 029;290000;50075;100,4
E02000647;Lambeth 030;275000;48623;87,4
E02000648;Lambeth 031;248325;32605;114,1
E02000649;Lambeth 032;250000;40818;113,0
E02000650;Lambeth 033;287475;38580;97,6
E02000651;Lambeth 034;300000;44937;80,3
E02000652;Lambeth 035;276750;37091;110,9
E02006801;Lambeth 036;490000;51982;73,7
E02000653;Lewisham 001;293500;34040;130,3
E02000654;Lewisham 002;208250;27398;84,9
E02000655;Lewisham 003;196000;33742;87,5
E02000657;Lewisham 005;250000;36912;109,0
E02000658;Lewisham 006;315000;39385;110,7
E02000659;Lewisham 007;298750;52997;75,6
E02000660;Lewisham 008;280000;46847;102,9
E02000661;Lewisham 009;365000;64776;51,2
E02000662;Lewisham 010;247500;37643;108,7
E02000663;Lewisham 011;338000;46371;111,4
E02000664;Lewisham 012;243500;34878;72,8
E02000665;Lewisham 013;310250;49455;102,2
E02000666;Lewisham 014;288000;45471;78,0
E02000667;Lewisham 015;377500;54590;91,4
E02000668;Lewisham 016;345000;54950;66,9
E02000669;Lewisham 017;243000;42710;119,5
E02000670;Lewisham 018;215000;35246;107,0
E02000671;Lewisham 019;320000;49252;85,3
E02000672;Lewisham 020;250000;36184;73,8
E02000673;Lewisham 021;317500;58167;77,5
E02000674;Lewisham 022;272500;43916;100,4
E02000675;Lewisham 023;265000;47035;56,4
E02000676;Lewisham 024;310000;50294;105,3
E02000677;Lewisham 025;289998;46113;69,7
E02000678;Lewisham 026;199250;34142;60,4
E02000679;Lewisham 027;235000;39000;84,7
E02000680;Lewisham 028;240000;38438;92,2
E02000681;Lewisham 029;226150;34266;61,4
E02000682;Lewisham 030;250000;34263;69,6
E02000683;Lewisham 031;199995;33601;67,3
E02000685;Lewisham 033;235000;38402;79,8
E02000686;Lewisham 034;197500;29832;39,1
E02000687;Lewisham 035;295000;41574;103,3
E02006783;Lewisham 037;199250;31543;78,3
E02006784;Lewisham 038;218000;32635;52,3
E02006798;Lewisham 039;195000;30045;93,0
E02000689;Merton 001;650000;71236;41,6
E02000690;Merton 002;1337500;100065;10,4
E02000691;Merton 003;570000;69872;80,6
E02000692;Merton 004;528750;79134;69,0
E02000693;Merton 005;270000;44560;88,8
E02000694;Merton 006;475000;59758;116,8
E02000695;Merton 007;318475;38558;104,0
E02000696;Merton 008;230000;36900;110,3
E02000697;Merton 009;437475;68953;72,4
E02000698;Merton 010;680000;81368;45,2
E02000699;Merton 011;445000;67572;83,6
E02000700;Merton 012;232500;33076;91,6
E02000701;Merton 013;235000;34931;89,1
E02000702;Merton 014;225000;33636;50,3
E02000703;Merton 015;475000;64529;53,4
E02000704;Merton 016;311000;47284;47,6
E02000705;Merton 017;264250;38776;66,0
E02000706;Merton 018;223500;29054;96,7
E02000707;Merton 019;240000;32632;64,6
E02000708;Merton 020;405000;53074;49,9
E02000709;Merton 021;360000;50008;44,5
E02000710;Merton 022;260000;35890;26,4
E02000711;Merton 023;218000;34246;62,6
E02000712;Merton 024;245000;35161;53,8
E02000713;Merton 025;281500;42744;49,4
E02000714;Newham 001;240500;35894;149,0
E02000715;Newham 002;227500;28808;176,7
E02000716;Newham 003;221000;33964;48,2
E02000717;Newham 004;215000;29825;167,9
E02000718;Newham 005;171500;28284;113,4
E02000719;Newham 006;240000;32484;119,4
E02000720;Newham 007;280500;37971;143,0
E02000721;Newham 008;240000;30256;166,4
E02000722;Newham 009;250000;39460;184,9
E02000723;Newham 010;247000;32564;155,9
E02000724;Newham 011;222000;30690;194,8
E02000725;Newham 012;248248;39236;112,6
E02000726;Newham 013;249998;41397;27,2
E02000727;Newham 014;235000;31376;216,0
E02000728;Newham 015;215500;32667;127,6
E02000729;Newham 016;267500;36594;101,8
E02000730;Newham 017;227500;31122;181,1
E02000731;Newham 018;230000;32147;177,3
E02000732;Newham 019;222000;26996;173,6
E02000733;Newham 020;220000;31053;130,4
E02000734;Newham 021;250000;30666;205,4
E02000735;Newham 022;192000;29570;142,5
E02000736;Newham 023;210000;30497;70,0
E02000737;Newham 024;208500;32407;113,8
E02000738;Newham 025;226000;37180;188,3
E02000739;Newham 026;216500;30544;155,3
E02000740;Newham 027;200000;30040;53,3
E02000741;Newham 028;210000;32001;111,0
E02000742;Newham 029;205000;31398;103,5
E02000743;Newham 030;229500;27500;129,3
E02000744;Newham 031;183000;29926;138,4
E02000745;Newham 032;225000;34674;112,9
E02000746;Newham 033;235000;36673;18,2
E02000747;Newham 034;246500;39471;57,4
E02000748;Newham 035;235000;39604;46,9
E02000749;Newham 036;202000;29516;58,3
E02000750;Newham 037;252500;48881;33,3
E02000751;Redbridge 001;457500;71100;34,0
E02000752;Redbridge 002;220000;31053;14,0
E02000753;Redbridge 003;231000;35205;81,0
E02000754;Redbridge 004;327000;46508;53,3
E02000755;Redbridge 005;250000;41594;38,8
E02000756;Redbridge 006;265000;41665;35,7
E02000757;Redbridge 007;320000;60355;79,8
E02000758;Redbridge 008;286000;39484;52,5
E02000759;Redbridge 009;302000;48649;52,6
E02000760;Redbridge 010;250000;37837;67,9
E02000762;Redbridge 012;362500;51698;79,6
E02000763;Redbridge 013;246000;39833;9,0
E02000764;Redbridge 014;305000;60737;60,5
E02000765;Redbridge 015;335000;45399;88,4
E02000767;Redbridge 017;264000;42164;87,7
E02000768;Redbridge 018;490000;66315;33,3
E02000769;Redbridge 019;244000;39116;96,5
E02000770;Redbridge 020;250000;37779;65,6
E02000772;Redbridge 022;274250;37604;59,0
E02000773;Redbridge 023;285000;38544;99,7
E02000774;Redbridge 024;250000;34124;108,2
E02000776;Redbridge 026;257500;38721;108,5
E02000777;Redbridge 027;431250;56356;16,9
E02000779;Redbridge 029;168000;34912;89,9
E02000780;Redbridge 030;220000;31301;119,6
E02000781;Redbridge 031;260500;38556;75,3
E02000782;Redbridge 032;203000;28937;137,7
E02000783;Redbridge 033;224000;28934;130,3
E02006800;Redbridge 034;249998;35478;82,8
E02006924;Redbridge 035;355000;43793;53,4
E02006925;Redbridge 036;347500;53542;53,7
E02000784;Richmond upon Thames 001;1130000;67364;39,0
E02000785;Richmond upon Thames 002;725000;73947;23,8
E02000786;Richmond upon Thames 003;591500;57050;60,3
E02000787;Richmond upon Thames 004;470000;52474;62,6
E02000788;Richmond upon Thames 005;690000;66378;81,7
E02000789;Richmond upon Thames 006;557105;63758;34,2
E02000790;Richmond upon Thames 007;600000;71783;79,3
E02000791;Richmond upon Thames 008;592000;74317;56,9
E02000792;Richmond upon Thames 009;440000;66233;56,5
E02000793;Richmond upon Thames 010;335000;45055;61,4
E02000794;Richmond upon Thames 011;450000;55640;46,0
E02000795;Richmond upon Thames 012;955000;76657;5,5
E02000796;Richmond upon Thames 013;336000;40575;54,2
E02000797;Richmond upon Thames 014;426750;58068;78,4
E02000798;Richmond upon Thames 015;402000;49870;43,9
E02000799;Richmond upon Thames 016;535000;66432;50,9
E02000800;Richmond upon Thames 017;398500;43046;28,7
E02000801;Richmond upon Thames 018;487500;59185;67,4
E02000802;Richmond upon Thames 019;450000;53848;47,4
E02000803;Richmond upon Thames 020;311500;43246;47,9
E02000804;Richmond upon Thames 021;550000;57007;19,1
E02000805;Richmond upon Thames 022;415000;53492;38,0
E02000806;Richmond upon Thames 023;428000;52494;14,6
E02000807;Southwark 001;380000;67388;123,8
E02000808;Southwark 002;585000;55571;88,3
E02000809;Southwark 003;575000;73941;158,9
E02000810;Southwark 004;339000;37364;144,4
E02000812;Southwark 006;370000;39033;148,9
E02000813;Southwark 007;360000;35969;98,5
E02000814;Southwark 008;350000;60860;89,5
E02000815;Southwark 009;310000;42867;152,5
E02000816;Southwark 010;237500;33919;122,3
E02000817;Southwark 011;280000;28757;98,0
E02000818;Southwark 012;316000;32762;128,2
E02000819;Southwark 013;230000;31838;161,3
E02000820;Southwark 014;330000;37390;197,4
E02000821;Southwark 015;202500;30092;116,7
E02000822;Southwark 016;250000;29978;165,6
E02000823;Southwark 017;300000;35645;122,4
E02000824;Southwark 018;220000;29264;100,6
E02000825;Southwark 019;200000;30865;181,6
E02000826;Southwark 020;272000;34806;165,7
E02000827;Southwark 021;205251;32633;153,3
E02000828;Southwark 022;242000;31502;134,9
E02000829;Southwark 023;273750;33319;137,0
E02000830;Southwark 024;399950;53060;107,7
E02000831;Southwark 025;387500;47675;119,1
E02000832;Southwark 026;285000;35362;119,3
E02000833;Southwark 027;245500;39830;94,4
E02000834;Southwark 028;400000;61820;76,4
E02000835;Southwark 029;369000;48021;49,8
E02000836;Southwark 030;535000;69957;109,8
E02000837;Southwark 031;900000;93075;37,9
E02000838;Southwark 032;338500;57502;87,1
E02000839;Southwark 033;285000;58641;29,5
E02006802;Southwark 034;385750;39889;111,5
E02000840;Sutton 001;217250;28961;61,4
E02000841;Sutton 002;209000;29024;77,2
E02000842;Sutton 003;285000;39368;47,3
E02000843;Sutton 004;205000;37629;59,5
E02000844;Sutton 005;223000;34731;78,2
E02000845;Sutton 006;284950;45146;61,8
E02000846;Sutton 007;269950;40533;52,3
E02000847;Sutton 008;300000;47121;57,8
E02000848;Sutton 009;295000;43344;68,4
E02000849;Sutton 010;248975;39689;64,2
E02000850;Sutton 011;265000;41458;21,0
E02000851;Sutton 012;200000;34092;75,9
E02000852;Sutton 013;240000;42929;79,4
E02000853;Sutton 014;249000;39613;61,8
E02000854;Sutton 015;309995;49134;44,2
E02000855;Sutton 016;380000;57025;42,3
E02000856;Sutton 017;240000;44260;67,8
E02000857;Sutton 018;212000;44818;79,5
E02000858;Sutton 019;195000;29390;51,4
E02000859;Sutton 020;283450;44744;48,4
E02000860;Sutton 021;180000;37596;90,4
E02000861;Sutton 022;402250;68087;29,3
E02000863;Sutton 024;374708;53054;9,6
E02006836;Sutton 025;412000;68667;25,1
E02000864;Tower Hamlets 001;310000;37838;67,1
E02000865;Tower Hamlets 002;264995;39617;158,6
E02000866;Tower Hamlets 003;391834;57398;85,1
E02000867;Tower Hamlets 004;300000;49343;126,0
E02000868;Tower Hamlets 005;330000;43003;190,7
E02000869;Tower Hamlets 006;380000;44283;177,6
E02000870;Tower Hamlets 007;273000;40408;164,7
E02000871;Tower Hamlets 008;244500;35601;138,2
E02000872;Tower Hamlets 009;380000;42659;171,2
E02000873;Tower Hamlets 010;325000;38280;175,1
E02000874;Tower Hamlets 011;250000;35129;206,7
E02000875;Tower Hamlets 012;270808;35928;153,4
E02000876;Tower Hamlets 013;290000;38721;134,6
E02000877;Tower Hamlets 014;260000;36018;127,6
E02000878;Tower Hamlets 015;450000;50189;168,6
E02000879;Tower Hamlets 016;307550;37452;175,8
E02000880;Tower Hamlets 017;250000;37773;158,5
E02000881;Tower Hamlets 018;275000;34221;99,8
E02000882;Tower Hamlets 019;320000;37614;151,2
E02000883;Tower Hamlets 020;245000;32691;172,3
E02000884;Tower Hamlets 021;457000;53324;171,6
E02000885;Tower Hamlets 022;247742;33760;204,1
E02000886;Tower Hamlets 023;365000;56036;152,0
E02000887;Tower Hamlets 024;277500;35431;152,7
E02000888;Tower Hamlets 025;390000;52324;159,0
E02000889;Tower Hamlets 026;375000;62410;119,2
E02000890;Tower Hamlets 027;570000;95657;104,4
E02000891;Tower Hamlets 028;360000;66309;88,3
E02000893;Tower Hamlets 030;307250;53216;97,0
E02000894;Tower Hamlets 031;348750;76777;195,3
E02006853;Tower Hamlets 032;329250;61882;155,0
E02006854;Tower Hamlets 033;430000;80653;71,0
E02000895;Waltham Forest 001;280000;41349;36,1
E02000896;Waltham Forest 002;320000;58890;31,1
E02000897;Waltham Forest 003;282498;37987;43,3
E02000898;Waltham Forest 004;290000;43892;50,2
E02000899;Waltham Forest 005;286500;42783;66,2
E02000900;Waltham Forest 006;254000;36255;52,5
E02000901;Waltham Forest 007;301000;55288;55,0
E02000902;Waltham Forest 008;260000;37246;68,0
E02000903;Waltham Forest 009;249000;31174;46,7
E02000904;Waltham Forest 010;286500;42295;57,6
E02000905;Waltham Forest 011;270000;37833;94,2
E02000906;Waltham Forest 012;265000;35415;152,2
E02000907;Waltham Forest 013;257395;30288;114,6
E02000908;Waltham Forest 014;250000;34691;46,8
E02000909;Waltham Forest 015;350000;47119;63,6
E02000910;Waltham Forest 016;300000;37669;138,4
E02000911;Waltham Forest 017;247000;34394;126,2
E02000912;Waltham Forest 018;270000;34468;37,3
E02000913;Waltham Forest 019;295000;40991;84,0
E02000914;Waltham Forest 020;217475;29391;155,8
E02000915;Waltham Forest 021;249745;44759;59,3
E02000916;Waltham Forest 022;215000;32197;42,9
E02000917;Waltham Forest 023;228500;36145;137,4
E02000918;Waltham Forest 024;316250;36937;110,6
E02000919;Waltham Forest 025;275000;36160;167,1
E02000920;Waltham Forest 026;247500;31140;55,4
E02000921;Waltham Forest 027;230000;30743;133,0
E02000922;Waltham Forest 028;244000;33082;164,0
E02000923;Wandsworth 001;647500;68811;72,7
E02000924;Wandsworth 002;465000;41434;57,4
E02000925;Wandsworth 003;515000;40919;180,0
E02000926;Wandsworth 004;485000;58180;144,8
E02000927;Wandsworth 005;570000;49864;155,5
E02000928;Wandsworth 006;680000;85728;88,9
E02000929;Wandsworth 007;257000;32868;179,6
E02000930;Wandsworth 008;525000;66555;123,9
E02000931;Wandsworth 009;640000;90346;111,4
E02000932;Wandsworth 010;482000;82595;81,3
E02000933;Wandsworth 011;495000;75085;80,0
E02000934;Wandsworth 012;480000;63112;119,5
E02000935;Wandsworth 013;208500;30145;49,1
E02000936;Wandsworth 014;413000;63742;94,3
E02000937;Wandsworth 015;625000;86863;64,0
E02000938;Wandsworth 016;445000;43793;55,6
E02000939;Wandsworth 017;945000;99260;110,3
E02000940;Wandsworth 018;306000;45126;112,4
E02000941;Wandsworth 019;480000;70972;94,9
E02000942;Wandsworth 020;555000;79324;91,3
E02000943;Wandsworth 021;498000;73582;118,6
E02000944;Wandsworth 022;328000;40781;120,1
E02000945;Wandsworth 023;220000;33423;35,5
E02000946;Wandsworth 024;455000;51864;78,5
E02000947;Wandsworth 025;499950;71622;99,9
E02000948;Wandsworth 026;436000;65976;73,3
E02000949;Wandsworth 027;550000;80221;68,2
E02000950;Wandsworth 028;340450;52284;85,8
E02000951;Wandsworth 029;399975;55155;131,2
E02000952;Wandsworth 030;475000;59421;106,5
E02000953;Wandsworth 031;457000;56984;105,6
E02000954;Wandsworth 032;447500;49151;139,8
E02000955;Wandsworth 033;363000;39856;117,6
E02000956;Wandsworth 034;282250;37100;89,1
E02000957;Wandsworth 035;345000;43609;145,8
E02000958;Wandsworth 036;360000;48763;95,0
E02000959;Wandsworth 037;267500;40428;145,7
E02000960;Westminster 001;862500;86320;73,0
E02000961;Westminster 002;785000;64395;118,5
E02000962;Westminster 003;660000;59928;125,2
E02000963;Westminster 004;490000;40778;218,4
E02000964;Westminster 005;413603;44844;251,6
E02000965;Westminster 006;621000;65035;176,2
E02000966;Westminster 007;825000;87472;170,9
E02000967;Westminster 008;815500;86424;54,3
E02000968;Westminster 009;390000;33072;240,2
E02000969;Westminster 010;365000;37467;174,7
E02000970;Westminster 011;1262500;104199;85,8
E02000971;Westminster 012;815000;72293;154,0
E02000972;Westminster 013;1095450;67073;66,7
E02000973;Westminster 014;690000;69158;185,8
E02000974;Westminster 015;688750;62390;129,6
E02000975;Westminster 016;695000;76266;184,4
E02000976;Westminster 017;712500;62234;212,8
E02000977;Westminster 018;1140000;85245;32,4
E02000978;Westminster 019;3450000;141363;26,4
E02000979;Westminster 020;799950;80091;60,2
E02000980;Westminster 021;637250;57290;201,5
E02000981;Westminster 022;630000;80753;250,5
E02000982;Westminster 023;920000;54429;131,3
E02000983;Westminster 024;480000;56016;229,2
;;;;
